{"stat.craftItem.50":228,"stat.mineBlock.69":14,"stat.useItem.338":28,"stat.useItem.3":338,"stat.craftItem.257":8,"stat.mineBlock.37":34,"stat.useItem.292":68,"achievement.exploreAllBiomes":{"value":0,"progress":["Desert","Extreme Hills+","Deep Ocean","Taiga","Flower Forest","Ocean","Extreme Hills","Mesa Plateau","Birch Forest Hills","ForestHills","Forest","Birch Forest","Beach","Mesa","River","Stone Beach"]},"stat.useItem.324":2,"stat.craftItem.109":8,"stat.craftItem.89":4,"stat.craftItem.258":1,"stat.craftItem.266":1,"stat.mineBlock.54":2,"stat.mineBlock.1":320,"stat.mineBlock.73":1,"achievement.openInventory":331,"stat.damageDealt":10705,"stat.craftItem.143":1,"stat.mineBlock.31":393,"stat.useItem.50":417,"stat.killEntity.Cow":3,"stat.useItem.5":8,"stat.craftItem.29":32,"stat.fallOneCm":122003,"stat.flyOneCm":885679,"stat.craftItem.320":1,"stat.craftItem.292":1,"stat.craftItem.135":36,"stat.mineBlock.61":3,"stat.damageTaken":8225,"stat.useItem.4":58,"stat.useItem.355":3,"stat.craftItem.270":1,"stat.killEntity.Chicken":1,"stat.mineBlock.38":5,"stat.useItem.135":20,"stat.craftItem.371":9,"stat.useItem.270":30,"stat.mineBlock.82":4,"stat.breakItem.274":1,"stat.craftItem.5":276,"stat.craftItem.256":9,"stat.useItem.69":20,"stat.craftItem.339":12,"stat.craftItem.98":76,"stat.mineBlock.29":15,"stat.drop":305,"stat.craftItem.263":32,"stat.craftItem.324":2,"stat.useItem.29":33,"stat.craftItem.69":6,"stat.craftItem.41":28,"stat.useItem.356":10,"achievement.mineWood":218,"stat.useItem.267":63,"stat.breakItem.272":1,"stat.mineBlock.17":232,"stat.useItem.17":52,"stat.useItem.272":390,"stat.mineBlock.135":3,"stat.mineBlock.12":120,"stat.craftItem.20":64,"stat.mineBlock.13":35,"stat.craftItem.356":16,"stat.playOneMinute":917578,"stat.mineBlock.15":4,"stat.leaveGame":42,"stat.diveOneCm":12767,"stat.useItem.258":99,"stat.useItem.54":5,"stat.craftItem.351":65,"stat.killEntity.Spider":2,"stat.useItem.109":2,"stat.useItem.295":116,"stat.useItem.61":3,"stat.mineBlock.18":2323,"stat.entityKilledBy.Skeleton":1,"stat.swimOneCm":21542,"stat.craftItem.280":372,"stat.useItem.275":24,"stat.killEntity.Skeleton":7,"stat.walkOneCm":3240743,"stat.useItem.274":134,"stat.craftItem.152":1,"stat.craftItem.325":1,"stat.jump":1898,"stat.entityKilledBy.Zombie":2,"stat.useItem.12":11,"stat.craftItem.265":184,"stat.craftItem.61":32,"stat.mineBlock.16":3,"stat.breakItem.257":4,"stat.useItem.256":1789,"stat.mineBlock.3":1896,"stat.deaths":3,"stat.mineBlock.98":238,"stat.mobKills":32,"stat.useItem.98":2216,"stat.killEntity.Zombie":13,"stat.useItem.257":1153,"stat.craftItem.54":7,"stat.mineBlock.50":104,"stat.useItem.20":12,"stat.mineBlock.4":31,"stat.craftItem.76":68,"stat.mineBlock.5":2,"stat.breakItem.256":7,"stat.craftItem.274":1}