{"stat.craftItem.50":320,"stat.craftItem.364":19,"stat.mineBlock.67":4,"stat.useItem.3":260,"stat.craftItem.257":12,"stat.mineBlock.37":3,"achievement.exploreAllBiomes":{"value":0,"progress":["Desert","Extreme Hills+","Taiga","Extreme Hills","Beach","Birch Forest","Corrupted Sands","River"]},"stat.useItem.324":2,"stat.craftItem.258":1,"stat.mineBlock.54":4,"stat.mineBlock.1":370,"achievement.openInventory":44,"stat.damageDealt":7615,"stat.mineBlock.31":24,"stat.useItem.50":267,"stat.killEntity.Cow":6,"stat.fallOneCm":134319,"stat.flyOneCm":9804,"achievement.buildWorkBench":4,"achievement.buildPickaxe":7,"stat.breakItem.274":6,"stat.damageTaken":4500,"stat.useItem.4":155,"stat.craftItem.58":4,"stat.craftItem.5":262,"stat.craftItem.256":7,"stat.killEntity.Chicken":1,"stat.drop":125,"stat.craftItem.324":2,"stat.mineBlock.78":20,"stat.craftItem.267":1,"stat.leaveGame":10,"stat.diveOneCm":9825,"stat.useItem.258":1,"stat.useItem.267":29,"achievement.mineWood":119,"stat.useItem.54":8,"stat.mineBlock.17":130,"achievement.buildBetterPickaxe":7,"stat.killEntity.Spider":1,"achievement.killEnemy":7,"stat.useItem.17":4,"stat.useItem.61":8,"stat.useItem.272":79,"stat.useItem.273":529,"stat.mineBlock.12":50,"stat.breakItem.273":4,"stat.mineBlock.58":4,"stat.mineBlock.13":120,"stat.playOneMinute":563766,"stat.mineBlock.15":3,"achievement.buildSword":1,"stat.killEntity.Pig":1,"stat.mineBlock.18":888,"tconstruct.beginner":1,"stat.useItem.58":6,"stat.craftItem.280":278,"stat.swimOneCm":4743,"stat.useItem.275":28,"stat.killEntity.Skeleton":3,"stat.walkOneCm":1846531,"stat.useItem.274":800,"stat.jump":1785,"stat.entityKilledBy.Zombie":1,"stat.craftItem.265":15,"stat.craftItem.61":8,"stat.mineBlock.16":150,"stat.useItem.256":1580,"stat.breakItem.257":8,"stat.deaths":1,"stat.mineBlock.3":2078,"stat.mineBlock.98":65,"stat.mobKills":29,"stat.useItem.98":3003,"stat.killEntity.Zombie":13,"stat.useItem.257":2257,"stat.craftItem.54":4,"stat.useItem.67":16,"stat.mineBlock.50":29,"stat.craftItem.67":10,"stat.mineBlock.4":2,"stat.craftItem.273":3,"stat.breakItem.256":5,"stat.craftItem.366":1,"stat.craftItem.274":5}