{"achievement.openInventory":41,"stat.damageDealt":2425,"stat.useItem.3":61,"stat.craftItem.257":1,"achievement.exploreAllBiomes":{"value":0,"progress":["Forest","Extreme Hills+","Desert","Taiga","Flower Forest","Extreme Hills","Ocean","Birch Forest","Beach","Mesa","Stone Beach","River","ForestHills"]},"stat.useItem.50":4,"stat.mineBlock.31":10,"stat.craftItem.258":1,"stat.craftItem.5":72,"stat.fallOneCm":3399,"stat.flyOneCm":420586,"stat.drop":34,"stat.damageTaken":37135,"stat.useItem.4":3,"stat.leaveGame":6,"stat.killEntity.Creeper":1,"stat.diveOneCm":3082,"stat.useItem.6":5,"achievement.mineWood":17,"stat.useItem.258":260,"stat.mineBlock.17":16,"stat.playOneMinute":394205,"stat.useItem.17":2,"stat.mineBlock.6":4,"stat.mineBlock.12":1,"stat.mineBlock.18":138,"stat.mineBlock.3":100,"stat.deaths":2,"stat.jump":312,"stat.mineBlock.50":4,"stat.swimOneCm":14129,"stat.mobKills":11,"stat.walkOneCm":489395,"stat.killEntity.Zombie":2,"stat.useItem.257":13,"stat.useItem.276":50,"stat.craftItem.54":1}