{"stat.craftItem.364":20,"stat.killEntity.Sheep":1,"stat.useItem.3":335,"stat.craftItem.257":12,"stat.mineBlock.37":2,"achievement.woodenGear":36,"achievement.acquireIron":89,"achievement.openInventory":705,"stat.damageDealt":33200,"stat.useItem.96":4,"stat.mineBlock.31":42,"stat.useItem.50":229,"stat.killEntity.Bat":7,"stat.mineBlock.88":24,"stat.killEntity.Cow":15,"dark_matter":16,"stat.craftItem.50":252,"achievement.exploreAllBiomes":{"value":0,"progress":["Desert M","Extreme Hills+","Desert","Taiga","Flower Forest","Ocean","Extreme Hills","Mesa Plateau","Plains","ForestHills","Forest","Birch Forest","Beach","Mesa","Boneyard","Roofed Forest","Savanna M","Corrupted Sands","Savanna","River","Swampland","Stone Beach"]},"stat.useItem.324":4,"stat.craftItem.266":240,"stat.mineBlock.54":7,"stat.mineBlock.49":8,"stat.mineBlock.1":1315,"stat.mineBlock.76":6,"stat.mineBlock.73":93,"stat.craftItem.278":1,"stat.useItem.259":1,"stat.useItem.49":12,"stat.useItem.5":32,"achievement.portal":6,"stat.fallOneCm":60848,"stat.flyOneCm":1104894,"stat.craftItem.320":5,"achievement.buildPickaxe":29,"achievement.buildFurnace":9,"stat.craftItem.135":4,"stat.mineBlock.61":3,"stat.damageTaken":17655,"stat.useItem.88":4,"stat.useItem.4":460,"stat.useItem.355":4,"stat.entityKilledBy.Spider":1,"stat.craftItem.272":7,"stat.mineBlock.21":15,"achievement.chunkDestroyer":1,"stat.killEntity.Chicken":2,"alch_chest":1,"stat.useItem.135":2,"stat.craftItem.297":18,"stat.craftItem.33":9,"achievement.ironGear":12,"achievement.buildWorkBench":4,"achievement.stoneGear":36,"stat.breakItem.274":1,"stat.craftItem.259":3,"stat.craftItem.5":344,"stat.craftItem.58":3,"stat.craftItem.256":3,"stat.mineBlock.89":12,"achievement.killCow":10,"stat.climbOneCm":461,"stat.craftItem.98":520,"stat.useItem.87":9,"stat.drop":216,"stat.craftItem.263":164,"stat.useItem.291":18,"stat.craftItem.324":2,"stat.mineBlock.14":10,"stat.craftItem.46":4,"condenser":1,"achievement.mineWood":97,"stat.useItem.267":110,"stat.breakItem.272":1,"stat.mineBlock.17":106,"achievement.killEnemy":116,"stat.useItem.272":331,"stat.mineBlock.20":5,"stat.mineBlock.12":83,"stat.mineBlock.87":63,"achievement.diamonds":24,"stat.killEntity.Creeper":11,"stat.craftItem.20":72,"stat.mineBlock.58":1,"stat.mineBlock.13":164,"stat.playOneMinute":862406,"stat.mineBlock.15":177,"stat.useItem.278":27,"stat.killEntity.Pig":4,"stat.craftItem.275":1,"stat.useItem.76":7,"stat.craftItem.267":1,"stat.killEntity.Enderman":1,"stat.leaveGame":12,"stat.diveOneCm":54143,"stat.useItem.54":8,"stat.craftItem.351":64,"achievement.buildBetterPickaxe":29,"stat.killEntity.Spider":20,"stat.useItem.295":57,"stat.useItem.61":8,"stat.useItem.273":15,"stat.craftItem.1":228,"phil_stone":1,"achievement.goldGear":4,"stat.mineBlock.56":21,"achievement.buildSword":11,"stat.mineBlock.18":874,"tconstruct.beginner":3,"stat.useItem.58":2,"stat.craftItem.261":1,"stat.swimOneCm":87106,"stat.craftItem.280":356,"stat.useItem.275":42,"stat.killEntity.Skeleton":18,"stat.useItem.397":1,"stat.walkOneCm":2982723,"stat.useItem.274":182,"achievement.diamondGear":2,"stat.craftItem.57":8,"stat.craftItem.325":4,"stat.jump":3620,"stat.useItem.13":16,"stat.killEntity.Witch":2,"stat.entityKilledBy.Zombie":5,"stat.useItem.12":2,"stat.craftItem.265":855,"stat.craftItem.61":5,"stat.mineBlock.16":387,"stat.breakItem.257":10,"stat.useItem.256":292,"stat.deaths":9,"stat.mineBlock.3":636,"stat.mineBlock.98":26,"stat.mobKills":157,"stat.useItem.98":275,"stat.killEntity.Zombie":60,"stat.useItem.257":2760,"stat.craftItem.54":3,"stat.useItem.1":3,"stat.mineBlock.50":19,"stat.useItem.20":243,"stat.mineBlock.4":127,"stat.craftItem.273":2,"stat.craftItem.76":20,"stat.mineBlock.5":1,"stat.craftItem.366":2,"stat.craftItem.274":3}